<?xml version="1.0" encoding="UTF-8" ?>
<!DOCTYPE mapper PUBLIC "-//mybatis.org//DTD Mapper 3.0//EN" "http://mybatis.org/dtd/mybatis-3-mapper.dtd" >
<mapper namespace="com.razor.dqa.mapper.RegisterUserInfoMapper" >
    <resultMap id="BaseResultMap" type="com.razor.dqa.model.RegisterUserInfo" >
        <id column="id" property="id" jdbcType="BIGINT" />
        <result column="user_id" property="userId" jdbcType="VARCHAR" />
        <result column="name" property="name" jdbcType="VARCHAR" />
    </resultMap>
    
    <sql id="Base_Column_List" >
        id, user_id, name
    </sql>

    <select id="selectListByRowBounds" resultMap="BaseResultMap"  >
       SELECT 
       <include refid="Base_Column_List" />
	   FROM register_user_info
    </select>

    <select id="selectAllCount" resultType="java.lang.Long" >
        SELECT 
       COUNT(*)
	   FROM register_user_info
    </select>

</mapper>